-- MySQL dump 10.13  Distrib 5.7.20, for Linux (x86_64)
--
-- Host: 127.0.0.1    Database: db_structure
-- ------------------------------------------------------
-- Server version	5.7.21

/*!40101 SET @OLD_CHARACTER_SET_CLIENT=@@CHARACTER_SET_CLIENT */;
/*!40101 SET @OLD_CHARACTER_SET_RESULTS=@@CHARACTER_SET_RESULTS */;
/*!40101 SET @OLD_COLLATION_CONNECTION=@@COLLATION_CONNECTION */;
/*!40101 SET NAMES utf8 */;
/*!40103 SET @OLD_TIME_ZONE=@@TIME_ZONE */;
/*!40103 SET TIME_ZONE='+00:00' */;
/*!40014 SET @OLD_UNIQUE_CHECKS=@@UNIQUE_CHECKS, UNIQUE_CHECKS=0 */;
/*!40014 SET @OLD_FOREIGN_KEY_CHECKS=@@FOREIGN_KEY_CHECKS, FOREIGN_KEY_CHECKS=0 */;
/*!40101 SET @OLD_SQL_MODE=@@SQL_MODE, SQL_MODE='NO_AUTO_VALUE_ON_ZERO' */;
/*!40111 SET @OLD_SQL_NOTES=@@SQL_NOTES, SQL_NOTES=0 */;

--
-- Dumping data for table `AcademicPeriod`
--

LOCK TABLES `AcademicPeriod` WRITE;
/*!40000 ALTER TABLE `AcademicPeriod` DISABLE KEYS */;
INSERT INTO `AcademicPeriod` VALUES (2014,1,'none','pass'),(2014,2,'none','pass'),(2015,1,'none','pass'),(2015,2,'none','pass'),(2016,1,'none','pass'),(2016,2,'none','pass'),(2017,1,'none','pass'),(2017,2,'none','pass'),(2018,1,'none','now'),(2018,2,'none','incoming');
/*!40000 ALTER TABLE `AcademicPeriod` ENABLE KEYS */;
UNLOCK TABLES;

--
-- Dumping data for table `Advise`
--

LOCK TABLES `Advise` WRITE;
/*!40000 ALTER TABLE `Advise` DISABLE KEYS */;
INSERT INTO `Advise` VALUES ('2110000001','5730000121'),('2110000001','5730000221'),('2110000001','5830000121'),('2110000001','5830000221'),('2110000001','5930000121'),('2110000001','5930000221'),('2110000001','6030000121'),('2110000001','6030000221'),('2110000001','6130000121'),('2110000001','6130000221');
/*!40000 ALTER TABLE `Advise` ENABLE KEYS */;
UNLOCK TABLES;

--
-- Dumping data for table `Class`
--

LOCK TABLES `Class` WRITE;
/*!40000 ALTER TABLE `Class` DISABLE KEYS */;
INSERT INTO `Class` VALUES ('2100111','1',2014,2,40),('2100111','1',2015,2,40),('2100111','1',2016,2,40),('2100111','1',2017,2,40),('2100111','1',2018,2,40),('2100111','2',2014,2,40),('2100111','2',2015,2,40),('2100111','2',2016,2,40),('2100111','2',2017,2,40),('2100111','2',2018,2,40),('2103106','1',2014,1,40),('2103106','1',2015,1,40),('2103106','1',2016,1,40),('2103106','1',2017,1,40),('2103106','1',2018,1,40),('2103106','2',2014,1,40),('2103106','2',2015,1,40),('2103106','2',2016,1,40),('2103106','2',2017,1,40),('2103106','2',2018,1,40),('2109101','1',2014,2,40),('2109101','1',2015,2,40),('2109101','1',2016,2,40),('2109101','1',2017,2,40),('2109101','1',2018,2,40),('2109101','2',2014,2,40),('2109101','2',2015,2,40),('2109101','2',2016,2,40),('2109101','2',2017,2,40),('2109101','2',2018,2,40),('2110101','1',2014,2,40),('2110101','1',2015,2,40),('2110101','1',2016,2,40),('2110101','1',2017,2,40),('2110101','1',2018,2,40),('2110101','2',2014,2,40),('2110101','2',2015,2,40),('2110101','2',2016,2,40),('2110101','2',2017,2,40),('2110101','2',2018,2,40),('2110201','1',2014,2,40),('2110201','1',2015,2,40),('2110201','1',2016,2,40),('2110201','1',2017,2,40),('2110201','1',2018,2,40),('2110201','2',2014,2,40),('2110201','2',2015,2,40),('2110201','2',2016,2,40),('2110201','2',2017,2,40),('2110201','2',2018,2,40),('2110202','1',2014,1,40),('2110202','1',2015,1,40),('2110202','1',2016,1,40),('2110202','1',2017,1,40),('2110202','1',2018,1,40),('2110202','2',2014,1,40),('2110202','2',2015,1,40),('2110202','2',2016,1,40),('2110202','2',2017,1,40),('2110202','2',2018,1,40),('2110211','1',2014,1,40),('2110211','1',2015,1,40),('2110211','1',2016,1,40),('2110211','1',2017,1,40),('2110211','1',2018,1,40),('2110211','2',2014,1,40),('2110211','2',2015,1,40),('2110211','2',2016,1,40),('2110211','2',2017,1,40),('2110211','2',2018,1,40),('2110215','1',2014,1,40),('2110215','1',2015,1,40),('2110215','1',2016,1,40),('2110215','1',2017,1,40),('2110215','1',2018,1,40),('2110215','2',2014,1,40),('2110215','2',2015,1,40),('2110215','2',2016,1,40),('2110215','2',2017,1,40),('2110215','2',2018,1,40),('2110221','1',2014,1,40),('2110221','1',2015,1,40),('2110221','1',2016,1,40),('2110221','1',2017,1,40),('2110221','1',2018,1,40),('2110221','2',2014,1,40),('2110221','2',2015,1,40),('2110221','2',2016,1,40),('2110221','2',2017,1,40),('2110221','2',2018,1,40),('2110251','1',2014,2,40),('2110251','1',2015,2,40),('2110251','1',2016,2,40),('2110251','1',2017,2,40),('2110251','1',2018,2,40),('2110251','2',2014,2,40),('2110251','2',2015,2,40),('2110251','2',2016,2,40),('2110251','2',2017,2,40),('2110251','2',2018,2,40),('2110263','1',2014,2,40),('2110263','1',2015,2,40),('2110263','1',2016,2,40),('2110263','1',2017,2,40),('2110263','1',2018,2,40),('2110263','2',2014,2,40),('2110263','2',2015,2,40),('2110263','2',2016,2,40),('2110263','2',2017,2,40),('2110263','2',2018,2,40),('2110313','1',2014,1,40),('2110313','1',2015,1,40),('2110313','1',2016,1,40),('2110313','1',2017,1,40),('2110313','1',2018,1,40),('2110313','2',2014,1,40),('2110313','2',2015,1,40),('2110313','2',2016,1,40),('2110313','2',2017,1,40),('2110313','2',2018,1,40),('2110315','1',2014,2,40),('2110315','1',2015,2,40),('2110315','1',2016,2,40),('2110315','1',2017,2,40),('2110315','1',2018,2,40),('2110315','2',2014,2,40),('2110315','2',2015,2,40),('2110315','2',2016,2,40),('2110315','2',2017,2,40),('2110315','2',2018,2,40),('2110316','1',2014,1,40),('2110316','1',2015,1,40),('2110316','1',2016,1,40),('2110316','1',2017,1,40),('2110316','1',2018,1,40),('2110316','2',2014,1,40),('2110316','2',2015,1,40),('2110316','2',2016,1,40),('2110316','2',2017,1,40),('2110316','2',2018,1,40),('2110322','1',2014,1,40),('2110322','1',2015,1,40),('2110322','1',2016,1,40),('2110322','1',2017,1,40),('2110322','1',2018,1,40),('2110322','2',2014,1,40),('2110322','2',2015,1,40),('2110322','2',2016,1,40),('2110322','2',2017,1,40),('2110322','2',2018,1,40),('2110325','1',2014,2,40),('2110325','1',2015,2,40),('2110325','1',2016,2,40),('2110325','1',2017,2,40),('2110325','1',2018,2,40),('2110325','2',2014,2,40),('2110325','2',2015,2,40),('2110325','2',2016,2,40),('2110325','2',2017,2,40),('2110325','2',2018,2,40),('2110327','1',2014,2,40),('2110327','1',2015,2,40),('2110327','1',2016,2,40),('2110327','1',2017,2,40),('2110327','1',2018,2,40),('2110327','2',2014,2,40),('2110327','2',2015,2,40),('2110327','2',2016,2,40),('2110327','2',2017,2,40),('2110327','2',2018,2,40),('2110332','1',2014,1,40),('2110332','1',2015,1,40),('2110332','1',2016,1,40),('2110332','1',2017,1,40),('2110332','1',2018,1,40),('2110332','2',2014,1,40),('2110332','2',2015,1,40),('2110332','2',2016,1,40),('2110332','2',2017,1,40),('2110332','2',2018,1,40),('2110356','1',2014,1,40),('2110356','1',2015,1,40),('2110356','1',2016,1,40),('2110356','1',2017,1,40),('2110356','1',2018,1,40),('2110356','2',2014,1,40),('2110356','2',2015,1,40),('2110356','2',2016,1,40),('2110356','2',2017,1,40),('2110356','2',2018,1,40),('2110363','1',2014,2,40),('2110363','1',2015,2,40),('2110363','1',2016,2,40),('2110363','1',2017,2,40),('2110363','1',2018,2,40),('2110363','2',2014,2,40),('2110363','2',2015,2,40),('2110363','2',2016,2,40),('2110363','2',2017,2,40),('2110363','2',2018,2,40),('2110366','1',2014,1,40),('2110366','1',2015,1,40),('2110366','1',2016,1,40),('2110366','1',2017,1,40),('2110366','1',2018,1,40),('2110366','2',2014,1,40),('2110366','2',2015,1,40),('2110366','2',2016,1,40),('2110366','2',2017,1,40),('2110366','2',2018,1,40),('2110423','1',2014,2,40),('2110423','1',2015,2,40),('2110423','1',2016,2,40),('2110423','1',2017,2,40),('2110423','1',2018,2,40),('2110423','2',2014,2,40),('2110423','2',2015,2,40),('2110423','2',2016,2,40),('2110423','2',2017,2,40),('2110423','2',2018,2,40),('2110471','1',2014,2,40),('2110471','1',2015,2,40),('2110471','1',2016,2,40),('2110471','1',2017,2,40),('2110471','1',2018,2,40),('2110471','2',2014,2,40),('2110471','2',2015,2,40),('2110471','2',2016,2,40),('2110471','2',2017,2,40),('2110471','2',2018,2,40),('2110490','1',2014,1,40),('2110490','1',2015,1,40),('2110490','1',2016,1,40),('2110490','1',2017,1,40),('2110490','1',2018,1,40),('2110490','2',2014,1,40),('2110490','2',2015,1,40),('2110490','2',2016,1,40),('2110490','2',2017,1,40),('2110490','2',2018,1,40),('2110499','1',2014,2,40),('2110499','1',2015,2,40),('2110499','1',2016,2,40),('2110499','1',2017,2,40),('2110499','1',2018,2,40),('2110499','2',2014,2,40),('2110499','2',2015,2,40),('2110499','2',2016,2,40),('2110499','2',2017,2,40),('2110499','2',2018,2,40),('2301107','1',2014,1,40),('2301107','1',2015,1,40),('2301107','1',2016,1,40),('2301107','1',2017,1,40),('2301107','1',2018,1,40),('2301107','2',2014,1,40),('2301107','2',2015,1,40),('2301107','2',2016,1,40),('2301107','2',2017,1,40),('2301107','2',2018,1,40),('2301108','1',2014,2,40),('2301108','1',2015,2,40),('2301108','1',2016,2,40),('2301108','1',2017,2,40),('2301108','1',2018,2,40),('2301108','2',2014,2,40),('2301108','2',2015,2,40),('2301108','2',2016,2,40),('2301108','2',2017,2,40),('2301108','2',2018,2,40),('2302127','1',2014,1,40),('2302127','1',2015,1,40),('2302127','1',2016,1,40),('2302127','1',2017,1,40),('2302127','1',2018,1,40),('2302127','2',2014,1,40),('2302127','2',2015,1,40),('2302127','2',2016,1,40),('2302127','2',2017,1,40),('2302127','2',2018,1,40),('2302163','1',2014,1,40),('2302163','1',2015,1,40),('2302163','1',2016,1,40),('2302163','1',2017,1,40),('2302163','1',2018,1,40),('2302163','2',2014,1,40),('2302163','2',2015,1,40),('2302163','2',2016,1,40),('2302163','2',2017,1,40),('2302163','2',2018,1,40),('2303284','1',2014,2,40),('2303284','1',2015,2,40),('2303284','1',2016,2,40),('2303284','1',2017,2,40),('2303284','1',2018,2,40),('2303284','2',2014,2,40),('2303284','2',2015,2,40),('2303284','2',2016,2,40),('2303284','2',2017,2,40),('2303284','2',2018,2,40),('2304103','1',2014,1,40),('2304103','1',2015,1,40),('2304103','1',2016,1,40),('2304103','1',2017,1,40),('2304103','1',2018,1,40),('2304103','2',2014,1,40),('2304103','2',2015,1,40),('2304103','2',2016,1,40),('2304103','2',2017,1,40),('2304103','2',2018,1,40),('2304104','1',2014,2,40),('2304104','1',2015,2,40),('2304104','1',2016,2,40),('2304104','1',2017,2,40),('2304104','1',2018,2,40),('2304104','2',2014,2,40),('2304104','2',2015,2,40),('2304104','2',2016,2,40),('2304104','2',2017,2,40),('2304104','2',2018,2,40),('2304183','1',2014,1,40),('2304183','1',2015,1,40),('2304183','1',2016,1,40),('2304183','1',2017,1,40),('2304183','1',2018,1,40),('2304183','2',2014,1,40),('2304183','2',2015,1,40),('2304183','2',2016,1,40),('2304183','2',2017,1,40),('2304183','2',2018,1,40),('2304184','1',2014,2,40),('2304184','1',2015,2,40),('2304184','1',2016,2,40),('2304184','1',2017,2,40),('2304184','1',2018,2,40),('2304184','2',2014,2,40),('2304184','2',2015,2,40),('2304184','2',2016,2,40),('2304184','2',2017,2,40),('2304184','2',2018,2,40),('5500111','1',2014,1,40),('5500111','1',2015,1,40),('5500111','1',2016,1,40),('5500111','1',2017,1,40),('5500111','1',2018,1,40),('5500111','2',2014,1,40),('5500111','2',2015,1,40),('5500111','2',2016,1,40),('5500111','2',2017,1,40),('5500111','2',2018,1,40),('5500208','1',2014,2,40),('5500208','1',2015,2,40),('5500208','1',2016,2,40),('5500208','1',2017,2,40),('5500208','1',2018,2,40),('5500208','2',2014,2,40),('5500208','2',2015,2,40),('5500208','2',2016,2,40),('5500208','2',2017,2,40),('5500208','2',2018,2,40),('5500308','1',2014,2,40),('5500308','1',2015,2,40),('5500308','1',2016,2,40),('5500308','1',2017,2,40),('5500308','1',2018,2,40),('5500308','2',2014,2,40),('5500308','2',2015,2,40),('5500308','2',2016,2,40),('5500308','2',2017,2,40),('5500308','2',2018,2,40);
/*!40000 ALTER TABLE `Class` ENABLE KEYS */;
UNLOCK TABLES;

--
-- Dumping data for table `Course`
--

LOCK TABLES `Course` WRITE;
/*!40000 ALTER TABLE `Course` DISABLE KEYS */;
INSERT INTO `Course` VALUES ('2100111','Exploring Engineering World','EXPL ENG WORLD',3),('2103106','Engineering Drawing','ENG DRAWING',3),('2109101','Engineering Materials','ENG MATERIALS',3),('2110101','Computer Programming','COMP PROG',3),('2110201','Computer Engineering Mathematics','COMP ENG MATH',3),('2110202','Discrete Structures','DISCRETE STRUC',4),('2110211','Data Structure','DATA STRUC',3),('2110215','Programming Methodology I','PROG METH I',3),('2110221','Computer Engineering Essentials','COMP ENG ESS',3),('2110251','Digital Computer Logic','DIG COM LOG',3),('2110263','Digital Computer Logic Laboratory I','DIG LOGIC LAB I',1),('2110313','Operating System','OS',3),('2110315','Parallel and Distributed Systems','PARALLEL DIST SYS',3),('2110316','Programming Language Principles','PROG LANG PRIN',3),('2110322','Database Systems','DB SYS',3),('2110325','Computer System Architectures','COMP SYS ARCH',3),('2110327','Algorithm Design','ALGORITHM DESIGN',3),('2110332','System Analysis and Design','SYS ANAL DESIGN',3),('2110356','Embedded System','EMBEDDED SYS',3),('2110363','Hardware Synthesis Laboratory I','HW SYN LAB I',1),('2110366','Embedded System Laboratory','EMBEDDED SYS LAB I',1),('2110423','Software Engineering','SOFTWARE ENG',3),('2110471','Computer Networks I','COMP NETWORK I',3),('2110490','Computer Engineering Pre-Project','COMP ENG PRE-PROJ',1),('2110499','Computer Engineering Projects','COMP ENG PROJECT',3),('2301107','Calculus I','CALCULUS I',3),('2301108','Calculus II','CALCULUS II',3),('2302127','General Chemistry','GEN CHEM',3),('2302163','General Chemistry Laboratory','GEN CHEM LAB',1),('2303284','Statistics for Physical Science','STAT PHYS SCIENCE',3),('2304103','General Physics I','GEN PHYS I',3),('2304104','General Physics II','GEN PHYS II',3),('2304183','General Physics Laboratory I','GEN PHYS LAB I',1),('2304184','General Physics Laboratory II','GEN PHYS LAB II',3),('5500111','Experiential English I','EXP ENG I',3),('5500112','Experiential English II','EXP ENG II',3),('5500208','Communication and Presentation Skills','COM PRES SKIL',3),('5500308','Technical Writing for Engineering','TECH WRIT ENG',3);
/*!40000 ALTER TABLE `Course` ENABLE KEYS */;
UNLOCK TABLES;

--
-- Dumping data for table `Document`
--

LOCK TABLES `Document` WRITE;
/*!40000 ALTER TABLE `Document` DISABLE KEYS */;
INSERT INTO `Document` VALUES ('CR23','หนังสือรับรองความเป็นนิสิต',NULL),('CR24','หนังสือรับรองความประพฤติ',NULL),('CR25','Transcript',NULL);
/*!40000 ALTER TABLE `Document` ENABLE KEYS */;
UNLOCK TABLES;

--
-- Dumping data for table `Enrollment`
--

LOCK TABLES `Enrollment` WRITE;
/*!40000 ALTER TABLE `Enrollment` DISABLE KEYS */;
INSERT INTO `Enrollment` VALUES (469,'5730000121','2103106','1',2014,1,'2014-08-01','Finish','Registered',4),(470,'5730000121','2301107','1',2014,1,'2014-08-01','Finish','Registered',4),(471,'5730000121','2302127','1',2014,1,'2014-08-01','Finish','Registered',4),(472,'5730000121','2302163','1',2014,1,'2014-08-01','Finish','Registered',4),(473,'5730000121','2304103','1',2014,1,'2014-08-01','Finish','Registered',4),(474,'5730000121','2304183','1',2014,1,'2014-08-01','Finish','Registered',4),(475,'5730000121','5500111','1',2014,1,'2014-08-01','Finish','Registered',4),(476,'5730000221','2103106','2',2014,1,'2014-08-01','Finish','Registered',4),(477,'5730000221','2301107','2',2014,1,'2014-08-01','Finish','Registered',3.5),(478,'5730000221','2302127','2',2014,1,'2014-08-01','Finish','Registered',1),(479,'5730000221','2302163','2',2014,1,'2014-08-01','Finish','Registered',1.5),(480,'5730000221','2304103','2',2014,1,'2014-08-01','Finish','Registered',2),(481,'5730000221','2304183','2',2014,1,'2014-08-01','Finish','Registered',2.5),(482,'5730000221','5500111','2',2014,1,'2014-08-01','Finish','Registered',3),(483,'5830000121','2103106','1',2015,1,'2015-08-01','Finish','Registered',4),(484,'5830000121','2301107','1',2015,1,'2015-08-01','Finish','Registered',3.5),(485,'5830000121','2302127','1',2015,1,'2015-08-01','Finish','Registered',1),(486,'5830000121','2302163','1',2015,1,'2015-08-01','Finish','Registered',1.5),(487,'5830000121','2304103','1',2015,1,'2015-08-01','Finish','Registered',2),(488,'5830000121','2304183','1',2015,1,'2015-08-01','Finish','Registered',2.5),(489,'5830000121','5500111','1',2015,1,'2015-08-01','Finish','Registered',3),(490,'5830000221','2103106','2',2015,1,'2015-08-01','Finish','Registered',4),(491,'5830000221','2301107','2',2015,1,'2015-08-01','Finish','Registered',3),(492,'5830000221','2302127','2',2015,1,'2015-08-01','Finish','Registered',3.5),(493,'5830000221','2302163','2',2015,1,'2015-08-01','Finish','Registered',2.5),(494,'5830000221','2304103','2',2015,1,'2015-08-01','Finish','Registered',2),(495,'5830000221','2304183','2',2015,1,'2015-08-01','Finish','Registered',1.5),(496,'5830000221','5500111','2',2015,1,'2015-08-01','Finish','Registered',4),(497,'5930000121','2103106','1',2016,1,'2016-08-01','Finish','Registered',3.5),(498,'5930000121','2301107','1',2016,1,'2016-08-01','Finish','Registered',3),(499,'5930000121','2302127','1',2016,1,'2016-08-01','Finish','Registered',3),(500,'5930000121','2302163','1',2016,1,'2016-08-01','Finish','Registered',2.5),(501,'5930000121','2304103','1',2016,1,'2016-08-01','Finish','Registered',1),(502,'5930000121','2304183','1',2016,1,'2016-08-01','Finish','Registered',4),(503,'5930000121','5500111','1',2016,1,'2016-08-01','Finish','Registered',4),(504,'5930000221','2103106','2',2016,1,'2016-08-01','Finish','Registered',4),(505,'5930000221','2301107','2',2016,1,'2016-08-01','Finish','Registered',3.5),(506,'5930000221','2302127','2',2016,1,'2016-08-01','Finish','Registered',2.5),(507,'5930000221','2302163','2',2016,1,'2016-08-01','Finish','Registered',2),(508,'5930000221','2304103','2',2016,1,'2016-08-01','Finish','Registered',3.5),(509,'5930000221','2304183','2',2016,1,'2016-08-01','Finish','Registered',1),(510,'5930000221','5500111','2',2016,1,'2016-08-01','Finish','Registered',1.5),(511,'6030000121','2103106','1',2017,1,'2017-08-01','Finish','Registered',4),(512,'6030000121','2301107','1',2017,1,'2017-08-01','Finish','Registered',4),(513,'6030000121','2302127','1',2017,1,'2017-08-01','Finish','Registered',3),(514,'6030000121','2302163','1',2017,1,'2017-08-01','Finish','Registered',3.5),(515,'6030000121','2304103','1',2017,1,'2017-08-01','Finish','Registered',2.5),(516,'6030000121','2304183','1',2017,1,'2017-08-01','Finish','Registered',1),(517,'6030000121','5500111','1',2017,1,'2017-08-01','Finish','Registered',0),(518,'6030000221','2103106','2',2017,1,'2017-08-01','Finish','Registered',4),(519,'6030000221','2301107','2',2017,1,'2017-08-01','Finish','Registered',0),(520,'6030000221','2302127','2',2017,1,'2017-08-01','Finish','Registered',4),(521,'6030000221','2302163','2',2017,1,'2017-08-01','Finish','Registered',4),(522,'6030000221','2304103','2',2017,1,'2017-08-01','Finish','Registered',3),(523,'6030000221','2304183','2',2017,1,'2017-08-01','Finish','Registered',2),(524,'6030000221','5500111','2',2017,1,'2017-08-01','Finish','Registered',3),(525,'5730000121','2100111','1',2014,2,'2014-12-01','Finish','Registered',4),(526,'5730000121','2109101','1',2014,2,'2014-12-01','Finish','Registered',4),(527,'5730000121','2110101','1',2014,2,'2014-12-01','Finish','Registered',4),(528,'5730000121','2301108','1',2014,2,'2014-12-01','Finish','Registered',4),(529,'5730000121','2304104','1',2014,2,'2014-12-01','Finish','Registered',4),(530,'5730000121','2304184','1',2014,2,'2014-12-01','Finish','Registered',4),(531,'5730000221','2100111','2',2014,2,'2014-12-01','Finish','Registered',4),(532,'5730000221','2109101','2',2014,2,'2014-12-01','Finish','Registered',3.5),(533,'5730000221','2110101','2',2014,2,'2014-12-01','Finish','Registered',1),(534,'5730000221','2301108','2',2014,2,'2014-12-01','Finish','Registered',1.5),(535,'5730000221','2304104','2',2014,2,'2014-12-01','Finish','Registered',2),(536,'5730000221','2304184','2',2014,2,'2014-12-01','Finish','Registered',2.5),(537,'5830000121','2100111','1',2015,2,'2015-12-01','Finish','Registered',4),(538,'5830000121','2109101','1',2015,2,'2015-12-01','Finish','Registered',3.5),(539,'5830000121','2110101','1',2015,2,'2015-12-01','Finish','Registered',1),(540,'5830000121','2301108','1',2015,2,'2015-12-01','Finish','Registered',1.5),(541,'5830000121','2304104','1',2015,2,'2015-12-01','Finish','Registered',2),(542,'5830000121','2304184','1',2015,2,'2015-12-01','Finish','Registered',2.5),(543,'5830000221','2100111','2',2015,2,'2015-12-01','Finish','Registered',4),(544,'5830000221','2109101','2',2015,2,'2015-12-01','Finish','Registered',3),(545,'5830000221','2110101','2',2015,2,'2015-12-01','Finish','Registered',3.5),(546,'5830000221','2301108','2',2015,2,'2015-12-01','Finish','Registered',2.5),(547,'5830000221','2304104','2',2015,2,'2015-12-01','Finish','Registered',2),(548,'5830000221','2304184','2',2015,2,'2015-12-01','Finish','Registered',1.5),(549,'5930000121','2100111','1',2016,2,'2016-12-01','Finish','Registered',3.5),(550,'5930000121','2109101','1',2016,2,'2016-12-01','Finish','Registered',3),(551,'5930000121','2110101','1',2016,2,'2016-12-01','Finish','Registered',3),(552,'5930000121','2301108','1',2016,2,'2016-12-01','Finish','Registered',2.5),(553,'5930000121','2304104','1',2016,2,'2016-12-01','Finish','Registered',1),(554,'5930000121','2304184','1',2016,2,'2016-12-01','Finish','Registered',4),(555,'5930000221','2100111','2',2016,2,'2016-12-01','Finish','Registered',4),(556,'5930000221','2109101','2',2016,2,'2016-12-01','Finish','Registered',3.5),(557,'5930000221','2110101','2',2016,2,'2016-12-01','Finish','Registered',2.5),(558,'5930000221','2301108','2',2016,2,'2016-12-01','Finish','Registered',2),(559,'5930000221','2304104','2',2016,2,'2016-12-01','Finish','Registered',3.5),(560,'5930000221','2304184','2',2016,2,'2016-12-01','Finish','Registered',1),(561,'6030000121','2100111','1',2017,2,'2017-12-01','Finish','Registered',4),(562,'6030000121','2109101','1',2017,2,'2017-12-01','Finish','Registered',4),(563,'6030000121','2110101','1',2017,2,'2017-12-01','Finish','Registered',3),(564,'6030000121','2301108','1',2017,2,'2017-12-01','Finish','Registered',3.5),(565,'6030000121','2304104','1',2017,2,'2017-12-01','Finish','Registered',2.5),(566,'6030000121','2304184','1',2017,2,'2017-12-01','Finish','Registered',1),(567,'6030000221','2100111','2',2017,2,'2017-12-01','Finish','Registered',4),(568,'6030000221','2109101','2',2017,2,'2017-12-01','Finish','Registered',0),(569,'6030000221','2110101','2',2017,2,'2017-12-01','Finish','Registered',4),(570,'6030000221','2301108','2',2017,2,'2017-12-01','Finish','Registered',4),(571,'6030000221','2304104','2',2017,2,'2017-12-01','Finish','Registered',3),(572,'6030000221','2304184','2',2017,2,'2017-12-01','Finish','Registered',2),(581,'5730000121','2110202','1',2015,1,'2015-08-01','Finish','Registered',4),(582,'5730000121','2110211','1',2015,1,'2015-08-01','Finish','Registered',3.5),(583,'5730000121','2110215','1',2015,1,'2015-08-01','Finish','Registered',1),(584,'5730000121','2110221','1',2015,1,'2015-08-01','Finish','Registered',1.5),(585,'5730000221','2110202','2',2015,1,'2015-08-01','Finish','Registered',4),(586,'5730000221','2110211','2',2015,1,'2015-08-01','Finish','Registered',3),(587,'5730000221','2110215','2',2015,1,'2015-08-01','Finish','Registered',3.5),(588,'5730000221','2110221','2',2015,1,'2015-08-01','Finish','Registered',2.5),(589,'5830000121','2110202','1',2016,1,'2016-08-01','Finish','Registered',3.5),(590,'5830000121','2110211','1',2016,1,'2016-08-01','Finish','Registered',3),(591,'5830000121','2110215','1',2016,1,'2016-08-01','Finish','Registered',3),(592,'5830000221','2110202','2',2016,1,'2016-08-01','Finish','Registered',4),(593,'5830000221','2110211','2',2016,1,'2016-08-01','Finish','Registered',3.5),(594,'5830000221','2110215','2',2016,1,'2016-08-01','Finish','Registered',2.5),(595,'5830000221','2110221','2',2016,1,'2016-08-01','Finish','Registered',2),(596,'5930000121','2110202','1',2017,1,'2017-08-01','Finish','Registered',4),(597,'5930000121','2110211','1',2017,1,'2017-08-01','Finish','Registered',4),(598,'5930000121','2110215','1',2017,1,'2017-08-01','Finish','Registered',3),(599,'5930000121','2110221','1',2017,1,'2017-08-01','Finish','Registered',3.5),(600,'5930000221','2110202','2',2017,1,'2017-08-01','Finish','Registered',4),(601,'5930000221','2110211','2',2017,1,'2017-08-01','Finish','Registered',0),(602,'5930000221','2110215','2',2017,1,'2017-08-01','Finish','Registered',4),(603,'5930000221','2110221','2',2017,1,'2017-08-01','Finish','Registered',4),(616,'5730000121','2110201','1',2015,2,'2015-12-01','Finish','Registered',4),(617,'5730000121','2110251','1',2015,2,'2015-12-01','Finish','Registered',3.5),(618,'5730000121','2110263','1',2015,2,'2015-12-01','Finish','Registered',1),(619,'5730000121','2110327','1',2015,2,'2015-12-01','Finish','Registered',1.5),(620,'5730000121','2303284','1',2015,2,'2015-12-01','Finish','Registered',2),(621,'5730000121','5500208','1',2015,2,'2015-12-01','Finish','Registered',2.5),(622,'5730000221','2110201','2',2015,2,'2015-12-01','Finish','Registered',4),(623,'5730000221','2110251','2',2015,2,'2015-12-01','Finish','Registered',3),(624,'5730000221','2110263','2',2015,2,'2015-12-01','Finish','Registered',3.5),(625,'5730000221','2110327','2',2015,2,'2015-12-01','Finish','Registered',2.5),(626,'5730000221','2303284','2',2015,2,'2015-12-01','Finish','Registered',2),(627,'5730000221','5500208','2',2015,2,'2015-12-01','Finish','Registered',1.5),(628,'5830000121','2110201','1',2016,2,'2016-12-01','Finish','Registered',3.5),(629,'5830000121','2110251','1',2016,2,'2016-12-01','Finish','Registered',3),(630,'5830000121','2110263','1',2016,2,'2016-12-01','Finish','Registered',3),(631,'5830000121','2110327','1',2016,2,'2016-12-01','Finish','Registered',2.5),(632,'5830000121','2303284','1',2016,2,'2016-12-01','Finish','Registered',1),(633,'5830000121','5500208','1',2016,2,'2016-12-01','Finish','Registered',4),(634,'5830000221','2110201','2',2016,2,'2016-12-01','Finish','Registered',4),(635,'5830000221','2110251','2',2016,2,'2016-12-01','Finish','Registered',3.5),(636,'5830000221','2110263','2',2016,2,'2016-12-01','Finish','Registered',2.5),(637,'5830000221','2110327','2',2016,2,'2016-12-01','Finish','Registered',2),(638,'5830000221','2303284','2',2016,2,'2016-12-01','Finish','Registered',3.5),(639,'5830000221','5500208','2',2016,2,'2016-12-01','Finish','Registered',1),(640,'5930000121','2110201','1',2017,2,'2017-12-01','Finish','Registered',4),(641,'5930000121','2110251','1',2017,2,'2017-12-01','Finish','Registered',4),(642,'5930000121','2110263','1',2017,2,'2017-12-01','Finish','Registered',3),(643,'5930000121','2110327','1',2017,2,'2017-12-01','Finish','Registered',3.5),(644,'5930000121','2303284','1',2017,2,'2017-12-01','Finish','Registered',2.5),(645,'5930000121','5500208','1',2017,2,'2017-12-01','Finish','Registered',1),(646,'5930000221','2110201','2',2017,2,'2017-12-01','Finish','Registered',4),(647,'5930000221','2110251','2',2017,2,'2017-12-01','Finish','Registered',0),(648,'5930000221','2110263','2',2017,2,'2017-12-01','Finish','Registered',4),(649,'5930000221','2110327','2',2017,2,'2017-12-01','Finish','Registered',4),(650,'5930000221','2303284','2',2017,2,'2017-12-01','Finish','Registered',3),(651,'5930000221','5500208','2',2017,2,'2017-12-01','Finish','Registered',2),(676,'5730000121','2110313','1',2016,1,'2016-08-01','Finish','Registered',3.5),(677,'5730000121','2110316','1',2016,1,'2016-08-01','Finish','Registered',3),(678,'5730000121','2110322','1',2016,1,'2016-08-01','Finish','Registered',3),(679,'5730000121','2110332','1',2016,1,'2016-08-01','Finish','Registered',2.5),(680,'5730000121','2110356','1',2016,1,'2016-08-01','Finish','Registered',1),(681,'5730000121','2110366','1',2016,1,'2016-08-01','Finish','Registered',4),(682,'5730000221','2110313','2',2016,1,'2016-08-01','Finish','Registered',4),(683,'5730000221','2110316','2',2016,1,'2016-08-01','Finish','Registered',3.5),(684,'5730000221','2110322','2',2016,1,'2016-08-01','Finish','Registered',2.5),(685,'5730000221','2110332','2',2016,1,'2016-08-01','Finish','Registered',2),(686,'5730000221','2110356','2',2016,1,'2016-08-01','Finish','Registered',3.5),(687,'5730000221','2110366','2',2016,1,'2016-08-01','Finish','Registered',1),(688,'5830000121','2110313','1',2017,1,'2017-08-01','Finish','Registered',4),(689,'5830000121','2110316','1',2017,1,'2017-08-01','Finish','Registered',4),(690,'5830000121','2110322','1',2017,1,'2017-08-01','Finish','Registered',3),(691,'5830000121','2110332','1',2017,1,'2017-08-01','Finish','Registered',3.5),(692,'5830000121','2110356','1',2017,1,'2017-08-01','Finish','Registered',2.5),(693,'5830000121','2110366','1',2017,1,'2017-08-01','Finish','Registered',1),(694,'5830000221','2110313','2',2017,1,'2017-08-01','Finish','Registered',4),(695,'5830000221','2110316','2',2017,1,'2017-08-01','Finish','Registered',0),(696,'5830000221','2110322','2',2017,1,'2017-08-01','Finish','Registered',4),(697,'5830000221','2110332','2',2017,1,'2017-08-01','Finish','Registered',4),(698,'5830000221','2110356','2',2017,1,'2017-08-01','Finish','Registered',3),(699,'5830000221','2110366','2',2017,1,'2017-08-01','Finish','Registered',2),(724,'5730000121','2110315','1',2016,2,'2016-12-01','Finish','Registered',3.5),(725,'5730000121','2110325','1',2016,2,'2016-12-01','Finish','Registered',3),(726,'5730000121','2110363','1',2016,2,'2016-12-01','Finish','Registered',3),(727,'5730000121','2110423','1',2016,2,'2016-12-01','Finish','Registered',2.5),(728,'5730000121','2110471','1',2016,2,'2016-12-01','Finish','Registered',1),(729,'5730000121','5500308','1',2016,2,'2016-12-01','Finish','Registered',4),(730,'5730000221','2110315','2',2016,2,'2016-12-01','Finish','Registered',4),(731,'5730000221','2110325','2',2016,2,'2016-12-01','Finish','Registered',3.5),(732,'5730000221','2110363','2',2016,2,'2016-12-01','Finish','Registered',2.5),(733,'5730000221','2110423','2',2016,2,'2016-12-01','Finish','Registered',2),(734,'5730000221','2110471','2',2016,2,'2016-12-01','Finish','Registered',3.5),(735,'5730000221','5500308','2',2016,2,'2016-12-01','Finish','Registered',1),(736,'5830000121','2110315','1',2017,2,'2017-12-01','Finish','Registered',4),(737,'5830000121','2110325','1',2017,2,'2017-12-01','Finish','Registered',4),(738,'5830000121','2110363','1',2017,2,'2017-12-01','Finish','Registered',3),(739,'5830000121','2110423','1',2017,2,'2017-12-01','Finish','Registered',3.5),(740,'5830000121','2110471','1',2017,2,'2017-12-01','Finish','Registered',2.5),(741,'5830000121','5500308','1',2017,2,'2017-12-01','Finish','Registered',1),(742,'5830000221','2110315','2',2017,2,'2017-12-01','Finish','Registered',4),(743,'5830000221','2110325','2',2017,2,'2017-12-01','Finish','Registered',0),(744,'5830000221','2110363','2',2017,2,'2017-12-01','Finish','Registered',4),(745,'5830000221','2110423','2',2017,2,'2017-12-01','Finish','Registered',4),(746,'5830000221','2110471','2',2017,2,'2017-12-01','Finish','Registered',3),(747,'5830000221','5500308','2',2017,2,'2017-12-01','Finish','Registered',2),(752,'5730000121','2110490','1',2017,1,'2017-08-01','Finish','Registered',4),(753,'5730000221','2110490','2',2017,1,'2017-08-01','Finish','Registered',4),(758,'5730000121','2110499','1',2017,2,'2017-12-01','Finish','Registered',4),(759,'5730000221','2110499','2',2017,2,'2017-12-01','Finish','Registered',4);
/*!40000 ALTER TABLE `Enrollment` ENABLE KEYS */;
UNLOCK TABLES;

--
-- Dumping data for table `Faculty`
--

LOCK TABLES `Faculty` WRITE;
/*!40000 ALTER TABLE `Faculty` DISABLE KEYS */;
INSERT INTO `Faculty` VALUES ('21','คณะวิศวกรรมศาสตร์',21000,5250,2,144),('22','คณะอักษรศาสตร์',17000,5250,2,150),('23','คณะวิทยาศาสตร์',21000,5250,2,135),('24','คณะรัฐศาสตร์',17000,5250,2,141),('25','คณะสถาปัตยกรรมศาสตร์',21000,5250,2,150),('26','คณะพาณิชยศาสตร์และการบัญชี',17000,5250,2,145),('27','คณะครุศาสตร์',17000,5250,2,170),('28','คณะนิเทศศาสตร์',21000,5250,2,136),('29','คณะเศรษฐศาสตร์',17000,5250,2,147),('30','คณะแพทยศาสตร์',21000,5250,2,242),('31','คณะสัตวแพทยศาสตร์',21000,5250,2,235),('32','คณะทันตแพทยศาสตร์',21000,5250,2,231),('33','คณะเภสัชศาสตร์',21000,5250,2,241),('34','คณะนิติศาสตร์',17000,5250,2,138),('35','คณะศิลปกรรมศาสตร์',21000,5250,2,136),('36','คณะพยาบาลศาสตร์',21000,5250,2,140),('37','คณะสหเวชศาสตร์',21000,5250,2,140),('38','คณะจิตวิทยา',21000,5250,2,145),('39','คณะวิทยาศาสตร์การกีฬา',21000,5250,2,137),('40','สำนักวิชาทรัพยากรการเกษตร',17000,5250,2,140);
/*!40000 ALTER TABLE `Faculty` ENABLE KEYS */;
UNLOCK TABLES;

--
-- Dumping data for table `Officer`
--

LOCK TABLES `Officer` WRITE;
/*!40000 ALTER TABLE `Officer` DISABLE KEYS */;
INSERT INTO `Officer` VALUES ('2110010001','1102374839018','Gizela','Bach','M','8412455611','sebbing0@globo.com','8696','เพชรเกษม','ภาษีเจริญ','บางหว้า','กรุงเทพมหานคร','10340','ฝ่ายทะเบียนและวัดผล'),('2110010002','1192039483910','Konstantin','Sturge','M','8565695950','stoner1@webeden.co.uk','0','พญาไท','พญาไท','พญาไท','กรุงเทพมหานคร','10460','ฝ่ายทะเบียนและวัดผล'),('2110010003','1193543808291','Trula','Robb','M','6383923247','gdavenhall2@imgur.com','0','สุขุมวิท','พระโขนง','บางจาก','กรุงเทพมหานคร','10380','ฝ่ายทะเบียนและวัดผล'),('2110010004','4736493238403','Monique','Kilborn','F','6877452758','gjakuszewski3@nydailynews.com','5','ตรีเพชร','พระนคร','วังบูรพาภิรมย์','กรุงเทพมหานคร','10480','ฝ่ายทะเบียนและวัดผล'),('2110010005','4538209481631','Marcus','Lilburn','F','9143402986','mmussard4@marketwatch.com','795','เจริญกรุง','บางรัก','สี่พระยา','กรุงเทพมหานคร','10480','ฝ่ายทะเบียนและวัดผล'),('2110010006','1473947194819','Jacklyn','Pallister','M','2814255225','dleythley5@tinypic.com','8067','ลาดพร้าว','จตุจักร','จตุจักร','กรุงเทพมหานคร','10530','ฝ่ายทะเบียนและวัดผล'),('2110010007','1103948173201','Ignaz','Gaythor','M','2436942260','dcarolan6@google.com.hk','3','กาญจนาภิเษก','คลองสามวา','สามวาตะวันตก','กรุงเทพมหานคร','10491','ฝ่ายทะเบียนและวัดผล'),('2110010008','1193284710381','Paquito','Kinig','F','3999486564','gbanat7@behance.net','8347','บางบอน 5','บางบอน','บางบอน','กรุงเทพมหานคร','10150','ฝ่ายทะเบียนและวัดผล'),('2110010009','1103749371191','DesdeMona','Arends','M','5462674955','mhandover8@nydailynews.com','214','รามคำแหง','สะพานสูง','สะพานสูง','กรุงเทพมหานคร','10240','ฝ่ายทะเบียนและวัดผล'),('2110010010','1183740932101','Stacie','Maier','M','9214391334','jlawley9@wordpress.com','2','สุวินธวงศ์','หนองจอก','ลำผักชี','กรุงเทพมหานคร','10483','ฝ่ายทะเบียนและวัดผล');
/*!40000 ALTER TABLE `Officer` ENABLE KEYS */;
UNLOCK TABLES;

--
-- Dumping data for table `Request`
--

LOCK TABLES `Request` WRITE;
/*!40000 ALTER TABLE `Request` DISABLE KEYS */;
/*!40000 ALTER TABLE `Request` ENABLE KEYS */;
UNLOCK TABLES;

--
-- Dumping data for table `Room`
--

LOCK TABLES `Room` WRITE;
/*!40000 ALTER TABLE `Room` DISABLE KEYS */;
INSERT INTO `Room` VALUES ('201','ENG3','21','2',40),('202','ENG3','21','2',40),('203','ENG3','21','2',40),('204','ENG3','21','2',40),('205','ENG3','21','2',40),('206','ENG3','21','2',40),('207','ENG3','21','2',40),('208','ENG3','21','2',40),('209','ENG3','21','2',40),('210','ENG3','21','2',40),('211','ENG3','21','2',40),('212','ENG3','21','2',40),('213','ENG3','21','2',40),('214','ENG3','21','2',40),('215','ENG3','21','2',40),('216','ENG3','21','4',40),('217','ENG3','21','4',40),('218','ENG3','21','2',40),('219','ENG3','21','2',40),('220','ENG3','21','2',40),('221','ENG3','21','2',40),('222','ENG3','21','2',40),('301','ENG3','21','3',40),('302','ENG3','21','3',40),('303','ENG3','21','3',40),('304','ENG3','21','3',40),('305','ENG3','21','3',40),('306','ENG3','21','3',40),('307','ENG3','21','3',40),('308','ENG3','21','3',40),('309','ENG3','21','3',40),('310','ENG3','21','3',40),('311','ENG3','21','3',40),('312','ENG3','21','3',40),('313','ENG3','21','3',40),('314','ENG3','21','3',40),('315','ENG3','21','3',40),('316','ENG3','21','3',40),('317','ENG3','21','3',40),('318','ENG3','21','3',40),('319','ENG3','21','3',40),('320','ENG3','21','3',40),('321','ENG3','21','3',40),('322','ENG3','21','3',40),('401','ENG3','21','4',40),('402','ENG3','21','4',40),('403','ENG3','21','4',40),('404','ENG3','21','4',40),('405','ENG3','21','4',40),('406','ENG3','21','4',40),('407','ENG3','21','4',40),('408','ENG3','21','4',40),('409','ENG3','21','4',40),('410','ENG3','21','4',40),('411','ENG3','21','4',40),('412','ENG3','21','4',40),('413','ENG3','21','4',40),('414','ENG3','21','4',40),('415','ENG3','21','4',40),('416','ENG3','21','4',40),('417','ENG3','21','4',40),('418','ENG3','21','4',40),('419','ENG3','21','4',40),('420','ENG3','21','4',40),('421','ENG3','21','4',40),('422','ENG3','21','4',40);
/*!40000 ALTER TABLE `Room` ENABLE KEYS */;
UNLOCK TABLES;

--
-- Dumping data for table `RoomSchedule`
--

LOCK TABLES `RoomSchedule` WRITE;
/*!40000 ALTER TABLE `RoomSchedule` DISABLE KEYS */;
INSERT INTO `RoomSchedule` VALUES ('201','ENG3','2100111','1',2014,2,'Mon','08:00:00',180),('201','ENG3','2100111','1',2015,2,'Mon','08:00:00',180),('201','ENG3','2100111','1',2016,2,'Mon','08:00:00',180),('201','ENG3','2100111','1',2017,2,'Mon','08:00:00',180),('201','ENG3','2100111','1',2018,2,'Mon','08:00:00',180),('201','ENG3','2103106','1',2014,1,'Mon','08:00:00',180),('201','ENG3','2103106','1',2015,1,'Mon','08:00:00',180),('201','ENG3','2103106','1',2016,1,'Mon','08:00:00',180),('201','ENG3','2103106','1',2017,1,'Mon','08:00:00',180),('201','ENG3','2103106','1',2018,1,'Mon','08:00:00',180),('202','ENG3','2109101','1',2014,2,'Mon','13:00:00',180),('202','ENG3','2109101','1',2015,2,'Mon','13:00:00',180),('202','ENG3','2109101','1',2016,2,'Mon','13:00:00',180),('202','ENG3','2109101','1',2017,2,'Mon','13:00:00',180),('202','ENG3','2109101','1',2018,2,'Mon','13:00:00',180),('202','ENG3','2301107','1',2014,1,'Mon','13:00:00',180),('202','ENG3','2301107','1',2015,1,'Mon','13:00:00',180),('202','ENG3','2301107','1',2016,1,'Mon','13:00:00',180),('202','ENG3','2301107','1',2017,1,'Mon','13:00:00',180),('202','ENG3','2301107','1',2018,1,'Mon','13:00:00',180),('203','ENG3','2110101','1',2014,2,'Tue','08:00:00',180),('203','ENG3','2110101','1',2015,2,'Tue','08:00:00',180),('203','ENG3','2110101','1',2016,2,'Tue','08:00:00',180),('203','ENG3','2110101','1',2017,2,'Tue','08:00:00',180),('203','ENG3','2110101','1',2018,2,'Tue','08:00:00',180),('203','ENG3','2302127','1',2014,1,'Tue','08:00:00',180),('203','ENG3','2302127','1',2015,1,'Tue','08:00:00',180),('203','ENG3','2302127','1',2016,1,'Tue','08:00:00',180),('203','ENG3','2302127','1',2017,1,'Tue','08:00:00',180),('203','ENG3','2302127','1',2018,1,'Tue','08:00:00',180),('204','ENG3','2301108','1',2014,2,'Tue','13:00:00',180),('204','ENG3','2301108','1',2015,2,'Tue','13:00:00',180),('204','ENG3','2301108','1',2016,2,'Tue','13:00:00',180),('204','ENG3','2301108','1',2017,2,'Tue','13:00:00',180),('204','ENG3','2301108','1',2018,2,'Tue','13:00:00',180),('204','ENG3','2302163','1',2014,1,'Tue','13:00:00',180),('204','ENG3','2302163','1',2015,1,'Tue','13:00:00',180),('204','ENG3','2302163','1',2016,1,'Tue','13:00:00',180),('204','ENG3','2302163','1',2017,1,'Tue','13:00:00',180),('204','ENG3','2302163','1',2018,1,'Tue','13:00:00',180),('205','ENG3','2304103','1',2014,1,'Wed','08:00:00',180),('205','ENG3','2304103','1',2015,1,'Wed','08:00:00',180),('205','ENG3','2304103','1',2016,1,'Wed','08:00:00',180),('205','ENG3','2304103','1',2017,1,'Wed','08:00:00',180),('205','ENG3','2304103','1',2018,1,'Wed','08:00:00',180),('205','ENG3','2304104','1',2014,2,'Wed','08:00:00',180),('205','ENG3','2304104','1',2015,2,'Wed','08:00:00',180),('205','ENG3','2304104','1',2016,2,'Wed','08:00:00',180),('205','ENG3','2304104','1',2017,2,'Wed','08:00:00',180),('205','ENG3','2304104','1',2018,2,'Wed','08:00:00',180),('206','ENG3','2304183','1',2014,1,'Wed','13:00:00',180),('206','ENG3','2304183','1',2015,1,'Wed','13:00:00',180),('206','ENG3','2304183','1',2016,1,'Wed','13:00:00',180),('206','ENG3','2304183','1',2017,1,'Wed','13:00:00',180),('206','ENG3','2304183','1',2018,1,'Wed','13:00:00',180),('206','ENG3','2304184','1',2014,2,'Wed','13:00:00',180),('206','ENG3','2304184','1',2015,2,'Wed','13:00:00',180),('206','ENG3','2304184','1',2016,2,'Wed','13:00:00',180),('206','ENG3','2304184','1',2017,2,'Wed','13:00:00',180),('206','ENG3','2304184','1',2018,2,'Wed','13:00:00',180),('207','ENG3','2110201','1',2014,2,'Mon','08:00:00',180),('207','ENG3','2110201','1',2015,2,'Mon','08:00:00',180),('207','ENG3','2110201','1',2016,2,'Mon','08:00:00',180),('207','ENG3','2110201','1',2017,2,'Mon','08:00:00',180),('207','ENG3','2110201','1',2018,2,'Mon','08:00:00',180),('207','ENG3','5500111','1',2014,1,'Fri','13:00:00',180),('207','ENG3','5500111','1',2015,1,'Fri','13:00:00',180),('207','ENG3','5500111','1',2016,1,'Fri','13:00:00',180),('207','ENG3','5500111','1',2017,1,'Fri','13:00:00',180),('207','ENG3','5500111','1',2018,1,'Fri','13:00:00',180),('208','ENG3','2110202','1',2014,1,'Mon','08:00:00',180),('208','ENG3','2110202','1',2015,1,'Mon','08:00:00',180),('208','ENG3','2110202','1',2016,1,'Mon','08:00:00',180),('208','ENG3','2110202','1',2017,1,'Mon','08:00:00',180),('208','ENG3','2110202','1',2018,1,'Mon','08:00:00',180),('208','ENG3','2110251','1',2014,2,'Mon','13:00:00',180),('208','ENG3','2110251','1',2015,2,'Mon','13:00:00',180),('208','ENG3','2110251','1',2016,2,'Mon','13:00:00',180),('208','ENG3','2110251','1',2017,2,'Mon','13:00:00',180),('208','ENG3','2110251','1',2018,2,'Mon','13:00:00',180),('209','ENG3','2110211','1',2014,1,'Mon','13:00:00',180),('209','ENG3','2110211','1',2015,1,'Mon','13:00:00',180),('209','ENG3','2110211','1',2016,1,'Mon','13:00:00',180),('209','ENG3','2110211','1',2017,1,'Mon','13:00:00',180),('209','ENG3','2110211','1',2018,1,'Mon','13:00:00',180),('209','ENG3','2110263','1',2014,2,'Tue','08:00:00',180),('209','ENG3','2110263','1',2015,2,'Tue','08:00:00',180),('209','ENG3','2110263','1',2016,2,'Tue','08:00:00',180),('209','ENG3','2110263','1',2017,2,'Tue','08:00:00',180),('209','ENG3','2110263','1',2018,2,'Tue','08:00:00',180),('210','ENG3','2110215','1',2014,1,'Tue','08:00:00',180),('210','ENG3','2110215','1',2015,1,'Tue','08:00:00',180),('210','ENG3','2110215','1',2016,1,'Tue','08:00:00',180),('210','ENG3','2110215','1',2017,1,'Tue','08:00:00',180),('210','ENG3','2110215','1',2018,1,'Tue','08:00:00',180),('210','ENG3','2110327','1',2014,2,'Tue','13:00:00',180),('210','ENG3','2110327','1',2015,2,'Tue','13:00:00',180),('210','ENG3','2110327','1',2016,2,'Tue','13:00:00',180),('210','ENG3','2110327','1',2017,2,'Tue','13:00:00',180),('210','ENG3','2110327','1',2018,2,'Tue','13:00:00',180),('211','ENG3','2110221','1',2014,1,'Tue','13:00:00',180),('211','ENG3','2110221','1',2015,1,'Tue','13:00:00',180),('211','ENG3','2110221','1',2016,1,'Tue','13:00:00',180),('211','ENG3','2110221','1',2017,1,'Tue','13:00:00',180),('211','ENG3','2110221','1',2018,1,'Tue','13:00:00',180),('211','ENG3','2303284','1',2014,2,'Wed','08:00:00',180),('211','ENG3','2303284','1',2015,2,'Wed','08:00:00',180),('211','ENG3','2303284','1',2016,2,'Wed','08:00:00',180),('211','ENG3','2303284','1',2017,2,'Wed','08:00:00',180),('211','ENG3','2303284','1',2018,2,'Wed','08:00:00',180),('212','ENG3','2110313','1',2014,1,'Mon','08:00:00',180),('212','ENG3','2110313','1',2015,1,'Mon','08:00:00',180),('212','ENG3','2110313','1',2016,1,'Mon','08:00:00',180),('212','ENG3','2110313','1',2017,1,'Mon','08:00:00',180),('212','ENG3','2110313','1',2018,1,'Mon','08:00:00',180),('212','ENG3','5500208','1',2014,2,'Wed','13:00:00',180),('212','ENG3','5500208','1',2015,2,'Wed','13:00:00',180),('212','ENG3','5500208','1',2016,2,'Wed','13:00:00',180),('212','ENG3','5500208','1',2017,2,'Wed','13:00:00',180),('212','ENG3','5500208','1',2018,2,'Wed','13:00:00',180),('213','ENG3','2110315','1',2014,2,'Mon','08:00:00',180),('213','ENG3','2110315','1',2015,2,'Mon','08:00:00',180),('213','ENG3','2110315','1',2016,2,'Mon','08:00:00',180),('213','ENG3','2110315','1',2017,2,'Mon','08:00:00',180),('213','ENG3','2110315','1',2018,2,'Mon','08:00:00',180),('213','ENG3','2110316','1',2014,1,'Mon','13:00:00',180),('213','ENG3','2110316','1',2015,1,'Mon','13:00:00',180),('213','ENG3','2110316','1',2016,1,'Mon','13:00:00',180),('213','ENG3','2110316','1',2017,1,'Mon','13:00:00',180),('213','ENG3','2110316','1',2018,1,'Mon','13:00:00',180),('214','ENG3','2110325','1',2014,2,'Mon','13:00:00',180),('214','ENG3','2110325','1',2015,2,'Mon','13:00:00',180),('214','ENG3','2110325','1',2016,2,'Mon','13:00:00',180),('214','ENG3','2110325','1',2017,2,'Mon','13:00:00',180),('214','ENG3','2110325','1',2018,2,'Mon','13:00:00',180),('214','ENG3','2110322','1',2014,1,'Tue','08:00:00',180),('214','ENG3','2110322','1',2015,1,'Tue','08:00:00',180),('214','ENG3','2110322','1',2016,1,'Tue','08:00:00',180),('214','ENG3','2110322','1',2017,1,'Tue','08:00:00',180),('214','ENG3','2110322','1',2018,1,'Tue','08:00:00',180),('215','ENG3','2110363','1',2014,2,'Tue','08:00:00',180),('215','ENG3','2110363','1',2015,2,'Tue','08:00:00',180),('215','ENG3','2110363','1',2016,2,'Tue','08:00:00',180),('215','ENG3','2110363','1',2017,2,'Tue','08:00:00',180),('215','ENG3','2110363','1',2018,2,'Tue','08:00:00',180),('215','ENG3','2110332','1',2014,1,'Tue','13:00:00',180),('215','ENG3','2110332','1',2015,1,'Tue','13:00:00',180),('215','ENG3','2110332','1',2016,1,'Tue','13:00:00',180),('215','ENG3','2110332','1',2017,1,'Tue','13:00:00',180),('215','ENG3','2110332','1',2018,1,'Tue','13:00:00',180),('216','ENG3','2110423','1',2014,2,'Tue','13:00:00',180),('216','ENG3','2110423','1',2015,2,'Tue','13:00:00',180),('216','ENG3','2110423','1',2016,2,'Tue','13:00:00',180),('216','ENG3','2110423','1',2017,2,'Tue','13:00:00',180),('216','ENG3','2110423','1',2018,2,'Tue','13:00:00',180),('216','ENG3','2110356','1',2014,1,'Wed','08:00:00',180),('216','ENG3','2110356','1',2015,1,'Wed','08:00:00',180),('216','ENG3','2110356','1',2016,1,'Wed','08:00:00',180),('216','ENG3','2110356','1',2017,1,'Wed','08:00:00',180),('216','ENG3','2110356','1',2018,1,'Wed','08:00:00',180),('217','ENG3','2110471','1',2014,2,'Wed','08:00:00',180),('217','ENG3','2110471','1',2015,2,'Wed','08:00:00',180),('217','ENG3','2110471','1',2016,2,'Wed','08:00:00',180),('217','ENG3','2110471','1',2017,2,'Wed','08:00:00',180),('217','ENG3','2110471','1',2018,2,'Wed','08:00:00',180),('217','ENG3','2110366','1',2014,1,'Wed','13:00:00',180),('217','ENG3','2110366','1',2015,1,'Wed','13:00:00',180),('217','ENG3','2110366','1',2016,1,'Wed','13:00:00',180),('217','ENG3','2110366','1',2017,1,'Wed','13:00:00',180),('217','ENG3','2110366','1',2018,1,'Wed','13:00:00',180),('218','ENG3','5500308','1',2014,2,'Wed','13:00:00',180),('218','ENG3','5500308','1',2015,2,'Wed','13:00:00',180),('218','ENG3','5500308','1',2016,2,'Wed','13:00:00',180),('218','ENG3','5500308','1',2017,2,'Wed','13:00:00',180),('218','ENG3','5500308','1',2018,2,'Wed','13:00:00',180),('218','ENG3','2110490','1',2014,1,'Fri','13:00:00',60),('218','ENG3','2110490','1',2015,1,'Fri','13:00:00',60),('218','ENG3','2110490','1',2016,1,'Fri','13:00:00',60),('218','ENG3','2110490','1',2017,1,'Fri','13:00:00',60),('218','ENG3','2110490','1',2018,1,'Fri','13:00:00',60),('219','ENG3','2110499','1',2014,2,'Mon','08:00:00',180),('219','ENG3','2110499','1',2015,2,'Mon','08:00:00',180),('219','ENG3','2110499','1',2016,2,'Mon','08:00:00',180),('219','ENG3','2110499','1',2017,2,'Mon','08:00:00',180),('219','ENG3','2110499','1',2018,2,'Mon','08:00:00',180),('301','ENG3','2103106','2',2014,1,'Mon','08:00:00',180),('301','ENG3','2103106','2',2015,1,'Mon','08:00:00',180),('301','ENG3','2103106','2',2016,1,'Mon','08:00:00',180),('301','ENG3','2103106','2',2017,1,'Mon','08:00:00',180),('301','ENG3','2103106','2',2018,1,'Mon','08:00:00',180),('301','ENG3','2100111','2',2014,2,'Mon','13:00:00',180),('301','ENG3','2100111','2',2015,2,'Mon','13:00:00',180),('301','ENG3','2100111','2',2016,2,'Mon','13:00:00',180),('301','ENG3','2100111','2',2017,2,'Mon','13:00:00',180),('301','ENG3','2100111','2',2018,2,'Mon','13:00:00',180),('302','ENG3','2301107','2',2014,1,'Mon','13:00:00',180),('302','ENG3','2301107','2',2015,1,'Mon','13:00:00',180),('302','ENG3','2301107','2',2016,1,'Mon','13:00:00',180),('302','ENG3','2301107','2',2017,1,'Mon','13:00:00',180),('302','ENG3','2301107','2',2018,1,'Mon','13:00:00',180),('302','ENG3','2109101','2',2014,2,'Tue','08:00:00',180),('302','ENG3','2109101','2',2015,2,'Tue','08:00:00',180),('302','ENG3','2109101','2',2016,2,'Tue','08:00:00',180),('302','ENG3','2109101','2',2017,2,'Tue','08:00:00',180),('302','ENG3','2109101','2',2018,2,'Tue','08:00:00',180),('303','ENG3','2302127','2',2014,1,'Tue','08:00:00',180),('303','ENG3','2302127','2',2015,1,'Tue','08:00:00',180),('303','ENG3','2302127','2',2016,1,'Tue','08:00:00',180),('303','ENG3','2302127','2',2017,1,'Tue','08:00:00',180),('303','ENG3','2302127','2',2018,1,'Tue','08:00:00',180),('303','ENG3','2110101','2',2014,2,'Tue','13:00:00',180),('303','ENG3','2110101','2',2015,2,'Tue','13:00:00',180),('303','ENG3','2110101','2',2016,2,'Tue','13:00:00',180),('303','ENG3','2110101','2',2017,2,'Tue','13:00:00',180),('303','ENG3','2110101','2',2018,2,'Tue','13:00:00',180),('304','ENG3','2302163','2',2014,1,'Tue','13:00:00',180),('304','ENG3','2302163','2',2015,1,'Tue','13:00:00',180),('304','ENG3','2302163','2',2016,1,'Tue','13:00:00',180),('304','ENG3','2302163','2',2017,1,'Tue','13:00:00',180),('304','ENG3','2302163','2',2018,1,'Tue','13:00:00',180),('304','ENG3','2301108','2',2014,2,'Wed','08:00:00',180),('304','ENG3','2301108','2',2015,2,'Wed','08:00:00',180),('304','ENG3','2301108','2',2016,2,'Wed','08:00:00',180),('304','ENG3','2301108','2',2017,2,'Wed','08:00:00',180),('304','ENG3','2301108','2',2018,2,'Wed','08:00:00',180),('305','ENG3','2304103','2',2014,1,'Wed','08:00:00',180),('305','ENG3','2304103','2',2015,1,'Wed','08:00:00',180),('305','ENG3','2304103','2',2016,1,'Wed','08:00:00',180),('305','ENG3','2304103','2',2017,1,'Wed','08:00:00',180),('305','ENG3','2304103','2',2018,1,'Wed','08:00:00',180),('305','ENG3','2304104','2',2014,2,'Wed','13:00:00',180),('305','ENG3','2304104','2',2015,2,'Wed','13:00:00',180),('305','ENG3','2304104','2',2016,2,'Wed','13:00:00',180),('305','ENG3','2304104','2',2017,2,'Wed','13:00:00',180),('305','ENG3','2304104','2',2018,2,'Wed','13:00:00',180),('306','ENG3','2304183','2',2014,1,'Wed','13:00:00',180),('306','ENG3','2304183','2',2015,1,'Wed','13:00:00',180),('306','ENG3','2304183','2',2016,1,'Wed','13:00:00',180),('306','ENG3','2304183','2',2017,1,'Wed','13:00:00',180),('306','ENG3','2304183','2',2018,1,'Wed','13:00:00',180),('306','ENG3','2304184','2',2014,2,'Thur','08:00:00',180),('306','ENG3','2304184','2',2015,2,'Thur','08:00:00',180),('306','ENG3','2304184','2',2016,2,'Thur','08:00:00',180),('306','ENG3','2304184','2',2017,2,'Thur','08:00:00',180),('306','ENG3','2304184','2',2018,2,'Thur','08:00:00',180),('307','ENG3','2110201','2',2014,2,'Thur','13:00:00',180),('307','ENG3','2110201','2',2015,2,'Thur','13:00:00',180),('307','ENG3','2110201','2',2016,2,'Thur','13:00:00',180),('307','ENG3','2110201','2',2017,2,'Thur','13:00:00',180),('307','ENG3','2110201','2',2018,2,'Thur','13:00:00',180),('307','ENG3','5500111','2',2014,1,'Fri','13:00:00',180),('307','ENG3','5500111','2',2015,1,'Fri','13:00:00',180),('307','ENG3','5500111','2',2016,1,'Fri','13:00:00',180),('307','ENG3','5500111','2',2017,1,'Fri','13:00:00',180),('307','ENG3','5500111','2',2018,1,'Fri','13:00:00',180),('308','ENG3','2110202','2',2014,1,'Mon','08:00:00',180),('308','ENG3','2110202','2',2015,1,'Mon','08:00:00',180),('308','ENG3','2110202','2',2016,1,'Mon','08:00:00',180),('308','ENG3','2110202','2',2017,1,'Mon','08:00:00',180),('308','ENG3','2110202','2',2018,1,'Mon','08:00:00',180),('308','ENG3','2110251','2',2014,2,'Fri','08:00:00',180),('308','ENG3','2110251','2',2015,2,'Fri','08:00:00',180),('308','ENG3','2110251','2',2016,2,'Fri','08:00:00',180),('308','ENG3','2110251','2',2017,2,'Fri','08:00:00',180),('308','ENG3','2110251','2',2018,2,'Fri','08:00:00',180),('309','ENG3','2110211','2',2014,1,'Mon','13:00:00',180),('309','ENG3','2110211','2',2015,1,'Mon','13:00:00',180),('309','ENG3','2110211','2',2016,1,'Mon','13:00:00',180),('309','ENG3','2110211','2',2017,1,'Mon','13:00:00',180),('309','ENG3','2110211','2',2018,1,'Mon','13:00:00',180),('309','ENG3','2110263','2',2014,2,'Fri','13:00:00',180),('309','ENG3','2110263','2',2015,2,'Fri','13:00:00',180),('309','ENG3','2110263','2',2016,2,'Fri','13:00:00',180),('309','ENG3','2110263','2',2017,2,'Fri','13:00:00',180),('309','ENG3','2110263','2',2018,2,'Fri','13:00:00',180),('310','ENG3','2110327','2',2014,2,'Mon','08:00:00',180),('310','ENG3','2110327','2',2015,2,'Mon','08:00:00',180),('310','ENG3','2110327','2',2016,2,'Mon','08:00:00',180),('310','ENG3','2110327','2',2017,2,'Mon','08:00:00',180),('310','ENG3','2110327','2',2018,2,'Mon','08:00:00',180),('310','ENG3','2110215','2',2014,1,'Tue','08:00:00',180),('310','ENG3','2110215','2',2015,1,'Tue','08:00:00',180),('310','ENG3','2110215','2',2016,1,'Tue','08:00:00',180),('310','ENG3','2110215','2',2017,1,'Tue','08:00:00',180),('310','ENG3','2110215','2',2018,1,'Tue','08:00:00',180),('311','ENG3','2303284','2',2014,2,'Mon','13:00:00',180),('311','ENG3','2303284','2',2015,2,'Mon','13:00:00',180),('311','ENG3','2303284','2',2016,2,'Mon','13:00:00',180),('311','ENG3','2303284','2',2017,2,'Mon','13:00:00',180),('311','ENG3','2303284','2',2018,2,'Mon','13:00:00',180),('311','ENG3','2110221','2',2014,1,'Tue','13:00:00',180),('311','ENG3','2110221','2',2015,1,'Tue','13:00:00',180),('311','ENG3','2110221','2',2016,1,'Tue','13:00:00',180),('311','ENG3','2110221','2',2017,1,'Tue','13:00:00',180),('311','ENG3','2110221','2',2018,1,'Tue','13:00:00',180),('312','ENG3','2110313','2',2014,1,'Mon','08:00:00',180),('312','ENG3','2110313','2',2015,1,'Mon','08:00:00',180),('312','ENG3','2110313','2',2016,1,'Mon','08:00:00',180),('312','ENG3','2110313','2',2017,1,'Mon','08:00:00',180),('312','ENG3','2110313','2',2018,1,'Mon','08:00:00',180),('312','ENG3','5500208','2',2014,2,'Tue','08:00:00',180),('312','ENG3','5500208','2',2015,2,'Tue','08:00:00',180),('312','ENG3','5500208','2',2016,2,'Tue','08:00:00',180),('312','ENG3','5500208','2',2017,2,'Tue','08:00:00',180),('312','ENG3','5500208','2',2018,2,'Tue','08:00:00',180),('313','ENG3','2110316','2',2014,1,'Mon','13:00:00',180),('313','ENG3','2110316','2',2015,1,'Mon','13:00:00',180),('313','ENG3','2110316','2',2016,1,'Mon','13:00:00',180),('313','ENG3','2110316','2',2017,1,'Mon','13:00:00',180),('313','ENG3','2110316','2',2018,1,'Mon','13:00:00',180),('313','ENG3','2110315','2',2014,2,'Tue','13:00:00',180),('313','ENG3','2110315','2',2015,2,'Tue','13:00:00',180),('313','ENG3','2110315','2',2016,2,'Tue','13:00:00',180),('313','ENG3','2110315','2',2017,2,'Tue','13:00:00',180),('313','ENG3','2110315','2',2018,2,'Tue','13:00:00',180),('314','ENG3','2110322','2',2014,1,'Tue','08:00:00',180),('314','ENG3','2110322','2',2015,1,'Tue','08:00:00',180),('314','ENG3','2110322','2',2016,1,'Tue','08:00:00',180),('314','ENG3','2110322','2',2017,1,'Tue','08:00:00',180),('314','ENG3','2110322','2',2018,1,'Tue','08:00:00',180),('314','ENG3','2110325','2',2014,2,'Wed','08:00:00',180),('314','ENG3','2110325','2',2015,2,'Wed','08:00:00',180),('314','ENG3','2110325','2',2016,2,'Wed','08:00:00',180),('314','ENG3','2110325','2',2017,2,'Wed','08:00:00',180),('314','ENG3','2110325','2',2018,2,'Wed','08:00:00',180),('315','ENG3','2110332','2',2014,1,'Tue','13:00:00',180),('315','ENG3','2110332','2',2015,1,'Tue','13:00:00',180),('315','ENG3','2110332','2',2016,1,'Tue','13:00:00',180),('315','ENG3','2110332','2',2017,1,'Tue','13:00:00',180),('315','ENG3','2110332','2',2018,1,'Tue','13:00:00',180),('315','ENG3','2110363','2',2014,2,'Wed','13:00:00',180),('315','ENG3','2110363','2',2015,2,'Wed','13:00:00',180),('315','ENG3','2110363','2',2016,2,'Wed','13:00:00',180),('315','ENG3','2110363','2',2017,2,'Wed','13:00:00',180),('315','ENG3','2110363','2',2018,2,'Wed','13:00:00',180),('316','ENG3','2110423','2',2014,2,'Tue','08:00:00',180),('316','ENG3','2110423','2',2015,2,'Tue','08:00:00',180),('316','ENG3','2110423','2',2016,2,'Tue','08:00:00',180),('316','ENG3','2110423','2',2017,2,'Tue','08:00:00',180),('316','ENG3','2110423','2',2018,2,'Tue','08:00:00',180),('316','ENG3','2110356','2',2014,1,'Wed','08:00:00',180),('316','ENG3','2110356','2',2015,1,'Wed','08:00:00',180),('316','ENG3','2110356','2',2016,1,'Wed','08:00:00',180),('316','ENG3','2110356','2',2017,1,'Wed','08:00:00',180),('316','ENG3','2110356','2',2018,1,'Wed','08:00:00',180),('317','ENG3','2110471','2',2014,2,'Tue','13:00:00',180),('317','ENG3','2110471','2',2015,2,'Tue','13:00:00',180),('317','ENG3','2110471','2',2016,2,'Tue','13:00:00',180),('317','ENG3','2110471','2',2017,2,'Tue','13:00:00',180),('317','ENG3','2110471','2',2018,2,'Tue','13:00:00',180),('317','ENG3','2110366','2',2014,1,'Wed','13:00:00',180),('317','ENG3','2110366','2',2015,1,'Wed','13:00:00',180),('317','ENG3','2110366','2',2016,1,'Wed','13:00:00',180),('317','ENG3','2110366','2',2017,1,'Wed','13:00:00',180),('317','ENG3','2110366','2',2018,1,'Wed','13:00:00',180),('318','ENG3','5500308','2',2014,2,'Fri','08:00:00',180),('318','ENG3','5500308','2',2015,2,'Fri','08:00:00',180),('318','ENG3','5500308','2',2016,2,'Fri','08:00:00',180),('318','ENG3','5500308','2',2017,2,'Fri','08:00:00',180),('318','ENG3','5500308','2',2018,2,'Fri','08:00:00',180),('318','ENG3','2110490','2',2014,1,'Fri','13:00:00',60),('318','ENG3','2110490','2',2015,1,'Fri','13:00:00',60),('318','ENG3','2110490','2',2016,1,'Fri','13:00:00',60),('318','ENG3','2110490','2',2017,1,'Fri','13:00:00',60),('318','ENG3','2110490','2',2018,1,'Fri','13:00:00',60),('319','ENG3','2110499','2',2014,2,'Fri','08:00:00',180),('319','ENG3','2110499','2',2015,2,'Fri','08:00:00',180),('319','ENG3','2110499','2',2016,2,'Fri','08:00:00',180),('319','ENG3','2110499','2',2017,2,'Fri','08:00:00',180),('319','ENG3','2110499','2',2018,2,'Fri','08:00:00',180);
/*!40000 ALTER TABLE `RoomSchedule` ENABLE KEYS */;
UNLOCK TABLES;

--
-- Dumping data for table `Student`
--

LOCK TABLES `Student` WRITE;
/*!40000 ALTER TABLE `Student` DISABLE KEYS */;
INSERT INTO `Student` VALUES ('5730000121','1463352451718','ดลชนก','วีรวงศ์','F',2014,'Studying','849382194','05@chula.ac.th','2354','เจริญกรุง','สี่พระยา','บางรัก','กรุงเทพมหานคร','10480','21'),('5730000221','1553453491907','สมชาย','บุญรอด','M',2014,'Studying','849582941','06@chula.ac.th','140','ลาดพร้าว','จตุจักร','จตุจักร','กรุงเทพมหานคร','10530','21'),('5830000121','1643554532066','พชร','แสนลัง','M',2015,'Studying','849581941','07@chula.ac.th','248','กาญจนาภิเษก','สามวาตะวันตก','คลองสามวา','กรุงเทพมหานคร','10491','21'),('5830000221','1733655572245','ณัฐดนัย','สุขสมชีวิน','M',2015,'Studying','948571941','08@chula.ac.th','395','บางบอน 5','บางบอน','บางบอน','กรุงเทพมหานคร','10150','21'),('5930000121','1823756612064','ต้องชนก','สันติธรรมนนท์','F',2016,'Studying','849581803','09@chula.ac.th','4085','รามคำแหง','สะพานสูง','สะพานสูง','กรุงเทพมหานคร','10240','21'),('5930000221','1913857625783','ณัชชา','จันทร์โอชา','F',2016,'Studying','869289013','10@chula.ac.th','139','สุวินธวงศ์','ลำผักชี','หนองจอก','กรุงเทพมหานคร','10483','21'),('6030000121','2003958692702','กฤตภาส','บัวทอง','M',2017,'Studying','994840984','11@chula.ac.th','11','ดาวคะนอง','ราษฎร์บูรณะ','ราษฎร์บูรณะ','กรุงเทพมหานคร','10948','21'),('6030000221','2094059732221','รัฐนันท์','สิงห์ทองวรรณ','M',2017,'Studying','984831084','12@chula.ac.th','2','พระราม 1','พญาไท','พญาไท','กรุงเทพมหานคร','10495','21'),('6130000121','1128330481721','สมศรี','ขยันเรียน','F',2018,'Studying','374819301','13@chula.ac.th','7','เพชรเกษม','บางยี่เรือ','ธนบุรี','กรุงเทพมหานคร','10381','21'),('6130000221','1110475834912','ชาติชัย','นิสิตใหม่','M',2018,'Studying','384714918','14@chula.ac.th','1','เพชรเกษม','บางแค','บางแค','กรุงเทพมหานคร','13702','21');
/*!40000 ALTER TABLE `Student` ENABLE KEYS */;
UNLOCK TABLES;

--
-- Dumping data for table `StudentPayment`
--

LOCK TABLES `StudentPayment` WRITE;
/*!40000 ALTER TABLE `StudentPayment` DISABLE KEYS */;
INSERT INTO `StudentPayment` VALUES ('5730000121','1',2014,'Paid'),('5730000121','1',2015,'Paid'),('5730000121','1',2016,'Paid'),('5730000121','1',2017,'Paid'),('5730000121','2',2014,'Paid'),('5730000121','2',2015,'Paid'),('5730000121','2',2016,'Paid'),('5730000121','2',2017,'Paid'),('5730000221','1',2014,'Paid'),('5730000221','1',2015,'Paid'),('5730000221','1',2016,'Paid'),('5730000221','1',2017,'Paid'),('5730000221','2',2014,'Paid'),('5730000221','2',2015,'Paid'),('5730000221','2',2016,'Paid'),('5730000221','2',2017,'Paid'),('5830000121','1',2015,'Paid'),('5830000121','1',2016,'Paid'),('5830000121','1',2017,'Paid'),('5830000121','1',2018,'Unpaid'),('5830000121','2',2015,'Paid'),('5830000121','2',2016,'Paid'),('5830000121','2',2017,'Paid'),('5830000221','1',2015,'Paid'),('5830000221','1',2016,'Paid'),('5830000221','1',2017,'Paid'),('5830000221','1',2018,'Unpaid'),('5830000221','2',2015,'Paid'),('5830000221','2',2016,'Paid'),('5830000221','2',2017,'Paid'),('5930000121','1',2016,'Paid'),('5930000121','1',2017,'Paid'),('5930000121','1',2018,'Unpaid'),('5930000121','2',2016,'Paid'),('5930000121','2',2017,'Paid'),('5930000221','1',2016,'Paid'),('5930000221','1',2017,'Paid'),('5930000221','1',2018,'Unpaid'),('5930000221','2',2016,'Paid'),('5930000221','2',2017,'Paid'),('6030000121','1',2017,'Paid'),('6030000121','1',2018,'Unpaid'),('6030000121','2',2017,'Paid'),('6030000221','1',2017,'Paid'),('6030000221','1',2018,'Unpaid'),('6030000221','2',2017,'Paid'),('6130000121','1',2018,'Unpaid'),('6130000221','1',2018,'Unpaid');
/*!40000 ALTER TABLE `StudentPayment` ENABLE KEYS */;
UNLOCK TABLES;

--
-- Dumping data for table `Teach`
--

LOCK TABLES `Teach` WRITE;
/*!40000 ALTER TABLE `Teach` DISABLE KEYS */;
INSERT INTO `Teach` VALUES ('2110000001','2100111','1',2014,2),('2110000001','2100111','1',2015,2),('2110000001','2100111','1',2016,2),('2110000001','2100111','1',2017,2),('2110000001','2100111','1',2018,2),('2110000002','2100111','2',2014,2),('2110000002','2100111','2',2015,2),('2110000002','2100111','2',2016,2),('2110000002','2100111','2',2017,2),('2110000002','2100111','2',2018,2),('2110000001','2103106','1',2015,1),('2110000001','2103106','1',2016,1),('2110000001','2103106','1',2017,1),('2110000001','2103106','1',2018,1),('2110000002','2103106','2',2014,1),('2110000002','2103106','2',2015,1),('2110000002','2103106','2',2016,1),('2110000002','2103106','2',2017,1),('2110000002','2103106','2',2018,1),('2110000001','2109101','1',2014,2),('2110000001','2109101','1',2015,2),('2110000001','2109101','1',2016,2),('2110000001','2109101','1',2017,2),('2110000001','2109101','1',2018,2),('2110000002','2109101','2',2014,2),('2110000002','2109101','2',2015,2),('2110000002','2109101','2',2016,2),('2110000002','2109101','2',2017,2),('2110000002','2109101','2',2018,2),('2110000001','2110101','1',2014,2),('2110000001','2110101','1',2015,2),('2110000001','2110101','1',2016,2),('2110000001','2110101','1',2017,2),('2110000001','2110101','1',2018,2),('2110000002','2110101','2',2014,2),('2110000002','2110101','2',2015,2),('2110000002','2110101','2',2016,2),('2110000002','2110101','2',2017,2),('2110000002','2110101','2',2018,2),('2110000001','2110201','1',2014,2),('2110000001','2110201','1',2015,2),('2110000001','2110201','1',2016,2),('2110000001','2110201','1',2017,2),('2110000001','2110201','1',2018,2),('2110000002','2110201','2',2014,2),('2110000002','2110201','2',2015,2),('2110000002','2110201','2',2016,2),('2110000002','2110201','2',2017,2),('2110000002','2110201','2',2018,2),('2110000001','2110202','1',2015,1),('2110000001','2110202','1',2016,1),('2110000001','2110202','1',2017,1),('2110000001','2110202','1',2018,1),('2110000002','2110202','2',2014,1),('2110000002','2110202','2',2015,1),('2110000002','2110202','2',2016,1),('2110000002','2110202','2',2017,1),('2110000002','2110202','2',2018,1),('2110000001','2110211','1',2015,1),('2110000001','2110211','1',2016,1),('2110000001','2110211','1',2017,1),('2110000001','2110211','1',2018,1),('2110000002','2110211','2',2014,1),('2110000002','2110211','2',2015,1),('2110000002','2110211','2',2016,1),('2110000002','2110211','2',2017,1),('2110000002','2110211','2',2018,1),('2110000001','2110215','1',2015,1),('2110000001','2110215','1',2016,1),('2110000001','2110215','1',2017,1),('2110000001','2110215','1',2018,1),('2110000002','2110215','2',2014,1),('2110000002','2110215','2',2015,1),('2110000002','2110215','2',2016,1),('2110000002','2110215','2',2017,1),('2110000002','2110215','2',2018,1),('2110000001','2110221','1',2015,1),('2110000001','2110221','1',2016,1),('2110000001','2110221','1',2017,1),('2110000001','2110221','1',2018,1),('2110000002','2110221','2',2014,1),('2110000002','2110221','2',2015,1),('2110000002','2110221','2',2016,1),('2110000002','2110221','2',2017,1),('2110000002','2110221','2',2018,1),('2110000001','2110251','1',2014,2),('2110000001','2110251','1',2015,2),('2110000001','2110251','1',2016,2),('2110000001','2110251','1',2017,2),('2110000001','2110251','1',2018,2),('2110000002','2110251','2',2014,2),('2110000002','2110251','2',2015,2),('2110000002','2110251','2',2016,2),('2110000002','2110251','2',2017,2),('2110000002','2110251','2',2018,2),('2110000001','2110263','1',2014,2),('2110000001','2110263','1',2015,2),('2110000001','2110263','1',2016,2),('2110000001','2110263','1',2017,2),('2110000001','2110263','1',2018,2),('2110000002','2110263','2',2014,2),('2110000002','2110263','2',2015,2),('2110000002','2110263','2',2016,2),('2110000002','2110263','2',2017,2),('2110000002','2110263','2',2018,2),('2110000001','2110313','1',2015,1),('2110000001','2110313','1',2016,1),('2110000001','2110313','1',2017,1),('2110000001','2110313','1',2018,1),('2110000002','2110313','2',2014,1),('2110000002','2110313','2',2015,1),('2110000002','2110313','2',2016,1),('2110000002','2110313','2',2017,1),('2110000002','2110313','2',2018,1),('2110000001','2110315','1',2014,2),('2110000001','2110315','1',2015,2),('2110000001','2110315','1',2016,2),('2110000001','2110315','1',2017,2),('2110000001','2110315','1',2018,2),('2110000002','2110315','2',2014,2),('2110000002','2110315','2',2015,2),('2110000002','2110315','2',2016,2),('2110000002','2110315','2',2017,2),('2110000002','2110315','2',2018,2),('2110000001','2110316','1',2015,1),('2110000001','2110316','1',2016,1),('2110000001','2110316','1',2017,1),('2110000001','2110316','1',2018,1),('2110000002','2110316','2',2014,1),('2110000002','2110316','2',2015,1),('2110000002','2110316','2',2016,1),('2110000002','2110316','2',2017,1),('2110000002','2110316','2',2018,1),('2110000001','2110322','1',2015,1),('2110000001','2110322','1',2016,1),('2110000001','2110322','1',2017,1),('2110000001','2110322','1',2018,1),('2110000002','2110322','2',2014,1),('2110000002','2110322','2',2015,1),('2110000002','2110322','2',2016,1),('2110000002','2110322','2',2017,1),('2110000002','2110322','2',2018,1),('2110000001','2110325','1',2014,2),('2110000001','2110325','1',2015,2),('2110000001','2110325','1',2016,2),('2110000001','2110325','1',2017,2),('2110000001','2110325','1',2018,2),('2110000002','2110325','2',2014,2),('2110000002','2110325','2',2015,2),('2110000002','2110325','2',2016,2),('2110000002','2110325','2',2017,2),('2110000002','2110325','2',2018,2),('2110000001','2110327','1',2014,2),('2110000001','2110327','1',2015,2),('2110000001','2110327','1',2016,2),('2110000001','2110327','1',2017,2),('2110000001','2110327','1',2018,2),('2110000002','2110327','2',2014,2),('2110000002','2110327','2',2015,2),('2110000002','2110327','2',2016,2),('2110000002','2110327','2',2017,2),('2110000002','2110327','2',2018,2),('2110000001','2110332','1',2015,1),('2110000001','2110332','1',2016,1),('2110000001','2110332','1',2017,1),('2110000001','2110332','1',2018,1),('2110000002','2110332','2',2014,1),('2110000002','2110332','2',2015,1),('2110000002','2110332','2',2016,1),('2110000002','2110332','2',2017,1),('2110000002','2110332','2',2018,1),('2110000001','2110356','1',2015,1),('2110000001','2110356','1',2016,1),('2110000001','2110356','1',2017,1),('2110000001','2110356','1',2018,1),('2110000002','2110356','2',2014,1),('2110000002','2110356','2',2015,1),('2110000002','2110356','2',2016,1),('2110000002','2110356','2',2017,1),('2110000002','2110356','2',2018,1),('2110000001','2110363','1',2014,2),('2110000001','2110363','1',2015,2),('2110000001','2110363','1',2016,2),('2110000001','2110363','1',2017,2),('2110000001','2110363','1',2018,2),('2110000002','2110363','2',2014,2),('2110000002','2110363','2',2015,2),('2110000002','2110363','2',2016,2),('2110000002','2110363','2',2017,2),('2110000002','2110363','2',2018,2),('2110000001','2110366','1',2015,1),('2110000001','2110366','1',2016,1),('2110000001','2110366','1',2017,1),('2110000001','2110366','1',2018,1),('2110000002','2110366','2',2014,1),('2110000002','2110366','2',2015,1),('2110000002','2110366','2',2016,1),('2110000002','2110366','2',2017,1),('2110000002','2110366','2',2018,1),('2110000001','2110423','1',2014,2),('2110000001','2110423','1',2015,2),('2110000001','2110423','1',2016,2),('2110000001','2110423','1',2017,2),('2110000001','2110423','1',2018,2),('2110000002','2110423','2',2014,2),('2110000002','2110423','2',2015,2),('2110000002','2110423','2',2016,2),('2110000002','2110423','2',2017,2),('2110000002','2110423','2',2018,2),('2110000001','2110471','1',2014,2),('2110000001','2110471','1',2015,2),('2110000001','2110471','1',2016,2),('2110000001','2110471','1',2017,2),('2110000001','2110471','1',2018,2),('2110000002','2110471','2',2014,2),('2110000002','2110471','2',2015,2),('2110000002','2110471','2',2016,2),('2110000002','2110471','2',2017,2),('2110000002','2110471','2',2018,2),('2110000001','2110490','1',2015,1),('2110000001','2110490','1',2016,1),('2110000001','2110490','1',2017,1),('2110000001','2110490','1',2018,1),('2110000002','2110490','2',2014,1),('2110000002','2110490','2',2015,1),('2110000002','2110490','2',2016,1),('2110000002','2110490','2',2017,1),('2110000002','2110490','2',2018,1),('2110000001','2110499','1',2014,2),('2110000001','2110499','1',2015,2),('2110000001','2110499','1',2016,2),('2110000001','2110499','1',2017,2),('2110000001','2110499','1',2018,2),('2110000002','2110499','2',2014,2),('2110000002','2110499','2',2015,2),('2110000002','2110499','2',2016,2),('2110000002','2110499','2',2017,2),('2110000002','2110499','2',2018,2),('2110000001','2301107','1',2015,1),('2110000001','2301107','1',2016,1),('2110000001','2301107','1',2017,1),('2110000001','2301107','1',2018,1),('2110000002','2301107','2',2014,1),('2110000002','2301107','2',2015,1),('2110000002','2301107','2',2016,1),('2110000002','2301107','2',2017,1),('2110000002','2301107','2',2018,1),('2110000001','2301108','1',2014,2),('2110000001','2301108','1',2015,2),('2110000001','2301108','1',2016,2),('2110000001','2301108','1',2017,2),('2110000001','2301108','1',2018,2),('2110000002','2301108','2',2014,2),('2110000002','2301108','2',2015,2),('2110000002','2301108','2',2016,2),('2110000002','2301108','2',2017,2),('2110000002','2301108','2',2018,2),('2110000001','2302127','1',2015,1),('2110000001','2302127','1',2016,1),('2110000001','2302127','1',2017,1),('2110000001','2302127','1',2018,1),('2110000002','2302127','2',2014,1),('2110000002','2302127','2',2015,1),('2110000002','2302127','2',2016,1),('2110000002','2302127','2',2017,1),('2110000002','2302127','2',2018,1),('2110000001','2302163','1',2015,1),('2110000001','2302163','1',2016,1),('2110000001','2302163','1',2017,1),('2110000001','2302163','1',2018,1),('2110000002','2302163','2',2014,1),('2110000002','2302163','2',2015,1),('2110000002','2302163','2',2016,1),('2110000002','2302163','2',2017,1),('2110000002','2302163','2',2018,1),('2110000001','2303284','1',2014,2),('2110000001','2303284','1',2015,2),('2110000001','2303284','1',2016,2),('2110000001','2303284','1',2017,2),('2110000001','2303284','1',2018,2),('2110000002','2303284','2',2014,2),('2110000002','2303284','2',2015,2),('2110000002','2303284','2',2016,2),('2110000002','2303284','2',2017,2),('2110000002','2303284','2',2018,2),('2110000001','2304103','1',2015,1),('2110000001','2304103','1',2016,1),('2110000001','2304103','1',2017,1),('2110000001','2304103','1',2018,1),('2110000002','2304103','2',2014,1),('2110000002','2304103','2',2015,1),('2110000002','2304103','2',2016,1),('2110000002','2304103','2',2017,1),('2110000002','2304103','2',2018,1),('2110000001','2304104','1',2014,2),('2110000001','2304104','1',2015,2),('2110000001','2304104','1',2016,2),('2110000001','2304104','1',2017,2),('2110000001','2304104','1',2018,2),('2110000002','2304104','2',2014,2),('2110000002','2304104','2',2015,2),('2110000002','2304104','2',2016,2),('2110000002','2304104','2',2017,2),('2110000002','2304104','2',2018,2),('2110000001','2304183','1',2015,1),('2110000001','2304183','1',2016,1),('2110000001','2304183','1',2017,1),('2110000001','2304183','1',2018,1),('2110000002','2304183','2',2014,1),('2110000002','2304183','2',2015,1),('2110000002','2304183','2',2016,1),('2110000002','2304183','2',2017,1),('2110000002','2304183','2',2018,1),('2110000001','2304184','1',2014,2),('2110000001','2304184','1',2015,2),('2110000001','2304184','1',2016,2),('2110000001','2304184','1',2017,2),('2110000001','2304184','1',2018,2),('2110000002','2304184','2',2014,2),('2110000002','2304184','2',2015,2),('2110000002','2304184','2',2016,2),('2110000002','2304184','2',2017,2),('2110000002','2304184','2',2018,2),('2110000001','5500111','1',2015,1),('2110000001','5500111','1',2016,1),('2110000001','5500111','1',2017,1),('2110000001','5500111','1',2018,1),('2110000002','5500111','2',2014,1),('2110000002','5500111','2',2015,1),('2110000002','5500111','2',2016,1),('2110000002','5500111','2',2017,1),('2110000002','5500111','2',2018,1),('2110000001','5500208','1',2014,2),('2110000001','5500208','1',2015,2),('2110000001','5500208','1',2016,2),('2110000001','5500208','1',2017,2),('2110000001','5500208','1',2018,2),('2110000002','5500208','2',2014,2),('2110000002','5500208','2',2015,2),('2110000002','5500208','2',2016,2),('2110000002','5500208','2',2017,2),('2110000002','5500208','2',2018,2),('2110000001','5500308','1',2014,2),('2110000001','5500308','1',2015,2),('2110000001','5500308','1',2016,2),('2110000001','5500308','1',2017,2),('2110000001','5500308','1',2018,2),('2110000002','5500308','2',2014,2),('2110000002','5500308','2',2015,2),('2110000002','5500308','2',2016,2),('2110000002','5500308','2',2017,2),('2110000002','5500308','2',2018,2);
/*!40000 ALTER TABLE `Teach` ENABLE KEYS */;
UNLOCK TABLES;

--
-- Dumping data for table `Teacher`
--

LOCK TABLES `Teacher` WRITE;
/*!40000 ALTER TABLE `Teacher` DISABLE KEYS */;
INSERT INTO `Teacher` VALUES ('2110000001','1104930539041','Adam','Potter','M','0810956818','t01@chula.ac.th','142','เพชรเกษม','ภาษีเจริญ','บางหว้า','กรุงเทพมหานคร','10400','AAA','21'),('2110000002','1104958359173','Book','Evans','M','0905521090','t02@chula.ac.th','96303','พญาไท','พญาไท','พญาไท','กรุงเทพมหานคร','10480','BBB','21'),('2110000003','1149683059184','Cathey','Pacific','F','0963676881','t03@chula.ac.th','0','สุขุมวิท','พระโขนง','บางจาก','กรุงเทพมหานคร','10470','CCC','21'),('2110000004','1104837594660','Dollar','United','M','0568539559','t04@chula.ac.th','17095','ตรีเพชร','พระนคร','วังบูรพาภิรมย์','กรุงเทพมหานคร','10570','DDD','21'),('2110000005','1640265037493','Ellin','Oliver','F','0767147113','t05@chula.ac.th','3301','เจริญกรุง','บางรัก','สี่พระยา','กรุงเทพมหานคร','12630','EEE','21'),('2110000006','1039485069180','Fantastic','Beats','F','0372534152','t06@chula.ac.th','4287','ลาดพร้าว','จตุจักร','จตุจักร','กรุงเทพมหานคร','15630','FFF','21'),('2110000007','4759385069184','George','Weasley','M','0640821693','t07@chula.ac.th','2563','กาญจนาภิเษก','คลองสามวา','สามวาตะวันตก','กรุงเทพมหานคร','10570','GGG','21'),('2110000008','1957305839601','Hagrid','Rubeus','M','0664658290','t08@chula.ac.th','8867','บางบอน 5','บางบอน','บางบอน','กรุงเทพมหานคร','10680','HHH','21'),('2110000009','1049530192841','Ikloo','North','F','0102394420','t09@chula.ac.th','836','รามคำแหง','สะพานสูง','สะพานสูง','กรุงเทพมหานคร','10260','III','21'),('2110000010','7830592233942','Jaclyn','Woods','F','0831807501','t10@chula.ac.th','31639','สุวินธวงศ์','หนองจอก','ลำผักชี','กรุงเทพมหานคร','10570','JJJ','21');
/*!40000 ALTER TABLE `Teacher` ENABLE KEYS */;
UNLOCK TABLES;

--
-- Dumping data for table `User`
--

LOCK TABLES `User` WRITE;
/*!40000 ALTER TABLE `User` DISABLE KEYS */;
INSERT INTO `User` VALUES ('2110000001','t1','Teacher'),('2110000002','t2','Teacher'),('2110000003','t3','Teacher'),('2110000004','t4','Teacher'),('2110000005','t5','Teacher'),('2110000006','t6','Teacher'),('2110000007','t7','Teacher'),('2110000008','t8','Teacher'),('2110000009','t9','Teacher'),('2110000010','t10','Teacher'),('2110010001','o1','Officer'),('2110010002','o2','Officer'),('2110010003','o3','Officer'),('2110010004','o4','Officer'),('2110010005','o5','Officer'),('2110010006','o6','Officer'),('2110010007','o7','Officer'),('2110010008','o8','Officer'),('2110010009','o9','Officer'),('2110010010','o10','Officer'),('5730000121','s5701','Student'),('5730000221','s5702','Student'),('5830000121','s5801','Student'),('5830000221','s5802','Student'),('5930000121','s5901','Student'),('5930000221','s5902','Student'),('6030000121','s6001','Student'),('6030000221','s6002','Student'),('6130000121','s6101','Student'),('6130000221','s6102','Student');
/*!40000 ALTER TABLE `User` ENABLE KEYS */;
UNLOCK TABLES;
/*!40103 SET TIME_ZONE=@OLD_TIME_ZONE */;

/*!40101 SET SQL_MODE=@OLD_SQL_MODE */;
/*!40014 SET FOREIGN_KEY_CHECKS=@OLD_FOREIGN_KEY_CHECKS */;
/*!40014 SET UNIQUE_CHECKS=@OLD_UNIQUE_CHECKS */;
/*!40101 SET CHARACTER_SET_CLIENT=@OLD_CHARACTER_SET_CLIENT */;
/*!40101 SET CHARACTER_SET_RESULTS=@OLD_CHARACTER_SET_RESULTS */;
/*!40101 SET COLLATION_CONNECTION=@OLD_COLLATION_CONNECTION */;
/*!40111 SET SQL_NOTES=@OLD_SQL_NOTES */;

-- Dump completed on 2018-04-26 19:49:09
